"0","#QUESTION 10"
"0","library(ggplot2)"
"0",""
"0","# Create a bar plot"
"0","ggplot(pass_data, aes(x = factor(Year), y = Percentage_Passed)) +"
"0","  geom_bar(stat = ""identity"", fill = ""skyblue"", alpha = 0.7) +"
"0","  geom_text(aes(label = paste0(Percentage_Passed, ""%"")), vjust = -0.5, size = 3) +"
"0","  geom_text(aes(label = Number_Passed), vjust = 1.2, size = 3) +"
"0","  labs(title = ""Performance of Students Passing Each Year"","
"0","       x = ""Year"","
"0","       y = ""Percentage Passed"") +"
"0","  theme_minimal() +"
"0","  theme(axis.text.x = element_text(angle = 45, hjust = 1))"
"0",""
