"0","#Question 4"
"0","#visualizing the average differences between A1 and A2"
"0","# Create a data frame to store the average pass rates"
"0","pass_rates_df <- data.frame(Year = c(2015:2022),"
"0","                             Pass_Rate_A1 = unlist(pass_rate_A1),"
"0","                             Pass_Rate_A2 = unlist(pass_rate_A2))"
"0",""
"0","# Plot the line graph"
"0","ggplot(pass_rates_df, aes(x = Year)) +"
"0","  geom_line(aes(y = Pass_Rate_A1, color = ""A1""), linetype = ""solid"") +"
"0","  geom_line(aes(y = Pass_Rate_A2, color = ""A2""), linetype = ""solid"") +"
"0","  labs(x = ""Year"", y = ""Pass Rate (%)"", color = ""Course"") +"
"0","  scale_color_manual(values = c(""A1"" = ""black"", ""A2"" = ""firebrick"")) +"
"0","  ggtitle(""Average Pass Rates for A1 and A2 Courses"") +"
"0","  theme_minimal() +"
"0","  scale_x_continuous(breaks = seq(2015, 2022, by = 1))"
