{"chunk_definitions":[{"row":139,"row_count":1,"visible":true,"expansion_state":0,"options":{"engine":"r","label":"unnamed-chunk-8"},"document_id":"7BD8A073","chunk_id":"cq4wl84dup3ms","chunk_label":"unnamed-chunk-3"},{"row":154,"row_count":1,"visible":true,"expansion_state":0,"options":{"engine":"r","label":"unnamed-chunk-9"},"document_id":"0F87A752","chunk_id":"cllidm56xt8ci","chunk_label":"unnamed-chunk-4"},{"row":162,"row_count":1,"visible":true,"expansion_state":0,"options":{"engine":"r","label":"unnamed-chunk-46"},"document_id":"0F87A752","chunk_id":"ci0rq1zufqaut","chunk_label":"unnamed-chunk-5"},{"row":216,"row_count":1,"visible":true,"expansion_state":0,"options":{"engine":"r","label":"unnamed-chunk-10"},"document_id":"0F87A752","chunk_id":"cgv2mmah705om","chunk_label":"unnamed-chunk-6"},{"row":263,"row_count":1,"visible":true,"expansion_state":0,"options":{"engine":"r","label":"unnamed-chunk-11"},"document_id":"0F87A752","chunk_id":"cbvmvfrzrvg5e","chunk_label":"unnamed-chunk-7"},{"row":283,"row_count":1,"visible":true,"expansion_state":0,"options":{"engine":"r","label":"unnamed-chunk-12"},"document_id":"0F87A752","chunk_id":"chufsvhzq0bnb","chunk_label":"unnamed-chunk-8"},{"row":347,"row_count":1,"visible":true,"expansion_state":0,"options":{"engine":"r","label":"unnamed-chunk-17"},"document_id":"0F87A752","chunk_id":"cm3scx6peetwn","chunk_label":"unnamed-chunk-9"},{"row":377,"row_count":1,"visible":true,"expansion_state":0,"options":{"engine":"r","label":"unnamed-chunk-57"},"document_id":"0F87A752","chunk_id":"cu23c999zohy2","chunk_label":"unnamed-chunk-10"},{"row":408,"row_count":1,"visible":true,"expansion_state":0,"options":{"engine":"r","label":"unnamed-chunk-18"},"document_id":"0F87A752","chunk_id":"ctqe46u47x4df","chunk_label":"unnamed-chunk-11"},{"row":438,"row_count":1,"visible":true,"expansion_state":0,"options":{"engine":"r","label":"unnamed-chunk-29"},"document_id":"0F87A752","chunk_id":"cachhwyhyhxvi","chunk_label":"unnamed-chunk-12"},{"row":479,"row_count":1,"visible":true,"expansion_state":0,"options":{"engine":"r","label":"unnamed-chunk-16"},"document_id":"0F87A752","chunk_id":"c3ifjxc9minpj","chunk_label":"unnamed-chunk-13"},{"row":499,"row_count":1,"visible":true,"expansion_state":0,"options":{"engine":"r","label":"unnamed-chunk-34"},"document_id":"0F87A752","chunk_id":"ctv7pf3pc5td7","chunk_label":"unnamed-chunk-14"},{"row":528,"row_count":1,"visible":true,"expansion_state":0,"options":{"engine":"r","label":"unnamed-chunk-38"},"document_id":"0F87A752","chunk_id":"ctcnw8aopnowz","chunk_label":"unnamed-chunk-15"},{"row":549,"row_count":1,"visible":true,"expansion_state":0,"options":{"engine":"r","label":"unnamed-chunk-23"},"document_id":"0F87A752","chunk_id":"cdpmibtrp97fw","chunk_label":"unnamed-chunk-16"}],"doc_write_time":1709107070,"chunk_rendered_width":691}