{"chunk_definitions":[{"row":108,"row_count":1,"visible":true,"expansion_state":0,"options":{"engine":"r","label":"unnamed-chunk-32"},"document_id":"7BD8A073","chunk_id":"cofikvfizbdm6","chunk_label":"unnamed-chunk-2"},{"row":138,"row_count":1,"visible":true,"expansion_state":0,"options":{"engine":"r","label":"unnamed-chunk-28"},"document_id":"7BD8A073","chunk_id":"cuajh95ybaymq","chunk_label":"unnamed-chunk-3"},{"row":196,"row_count":1,"visible":true,"expansion_state":0,"options":{"engine":"r","label":"unnamed-chunk-23"},"document_id":"7BD8A073","chunk_id":"cdcwkxm3uej1g","chunk_label":"unnamed-chunk-6"},{"row":241,"row_count":1,"visible":true,"expansion_state":0,"options":{"engine":"r","label":"unnamed-chunk-24"},"document_id":"7BD8A073","chunk_id":"c7eyr33wa6uot","chunk_label":"unnamed-chunk-7"},{"row":298,"row_count":1,"visible":true,"expansion_state":0,"options":{"engine":"r","label":"unnamed-chunk-20"},"document_id":"7BD8A073","chunk_id":"cg4kjbcxdhbn5","chunk_label":"unnamed-chunk-8"}],"doc_write_time":1708676771}