"0","#Question 1"
"0","pass_data <- data.frame(Year = numeric(), Number_Passed = numeric(), Percentage_Passed = numeric())"
"0",""
"0","for (year in 2015:2022) {"
"0","  # Filtering students who passed in the current year"
"0","  pass_by_up <- student_data %>%"
"0","    filter((NonNumeric_Grade %in% c(""UP"", ""PA"") & Term == year) |"
"0","           (Numeric_Grade >= 50 & Term == year))"
"0","  "
"0","  # Counting the number of students who passed"
"0","  passed <- nrow(pass_by_up) "
"0","  "
"0","  # Computing the percentage pass"
"0","  # Total number of students who took the exam in the current year"
"0","  total_students <- nrow(student_data[student_data$Term == year,])"
"0","  "
"0","  # Storing the results in the data frame"
"0","  pass_data <- rbind(pass_data, data.frame(Year = year,"
"0","                                            Number_Passed = passed,"
"0","                                            Percentage_Passed = round((passed/total_students)*100, 0)))"
"0","}"
"0",""
"0","# Printing the data frame"
"0","print(pass_data)"
