"0","#QUESTION 4"
"0","# Creating an empty data frame to store pass rates"
"0","rates <- data.frame(Year = integer(), passrate1s = double(), passrate2nd = double())"
"0",""
"0","# Looping through each year from 2015 to 2022"
"0","for (year in 2015:2022) {"
"0","  "
"0","  # Filtering the data for students who passed the first year courses in the current year"
"0","  pass_1st <- student_data %>%"
"0","    filter((Catalog.Nbr %in% c(""A1"", ""A2"") & Numeric_Grade >= 50 & Term == year) |"
"0","             (Catalog.Nbr %in% c(""A1"", ""A2"") & NonNumeric_Grade %in% c(""PA"", ""UP"") & Term == year))"
"0","  "
"0","  # Filtering the data for students who passed the second year courses in the current year"
"0","  pass_2nd <- student_data %>%"
"0","    filter((Catalog.Nbr %in% c(""B1"", ""B2"") & Numeric_Grade >= 50 & Term == year) |"
"0","             (Catalog.Nbr %in% c(""B1"", ""B2"") & NonNumeric_Grade %in% c(""PA"", ""UP"") & Term == year))"
"0","  "
"0","  # Counting the number of students who passed the first and second year courses respectively"
"0","  num_pass1st <- nrow(pass_1st) "
"0","  num_pass2nd <- nrow(pass_2nd)"
"0","  "
"0","  # Total number of students who took the first and second year courses respectively"
"0","  total_students1st <- nrow(student_data %>%"
"0","                              filter(Catalog.Nbr %in% c(""A1"", ""A2"") & Term == year))"
"0","  total_students2nd <- nrow(student_data %>%"
"0","                              filter(Catalog.Nbr %in% c(""B1"", ""B2"") & Term == year))"
"0","  "
"0","  # Computing the pass rates for first and second year courses"
"0","  pass_rate1st <- (num_pass1st / total_students1st) * 100"
"0","  pass_rate2nd <- (num_pass2nd / total_students2nd) * 100"
"0","  "
"0","  # Storing the pass rates in the data frame"
"0","  rates <- rbind(rates, data.frame(Year = year, passrate1s = pass_rate1st, passrate2nd = pass_rate2nd))"
"0","}"
"0",""
"0","mean_pass_rate_1st <- mean(rates$passrate1s)"
"0","cat(""This is the rate of pass for 1st year courses:\n"")"
"1","This is the rate of pass for 1st year courses:
"
"0","mean_pass_rate_1st"
"1","[1]"
"1"," 70.25202"
"1","
"
"0","mean_pass_rate_2nd <- mean(rates$passrate2nd)"
"0","cat(""This is the rate of pass for 2nd year courses:\n"")"
"1","This is the rate of pass for 2nd year courses:
"
"0","mean_pass_rate_2nd"
"1","[1]"
"1"," 67.59067"
"1","
"
"0","# Plot the outcome"
"0","plot(rates$Year, rates$passrate1s, type = ""l"", col = ""blue"","
"0","     ylim = c(0, 100), xlab = ""Year"", ylab = ""Pass Rate (%)"","
"0","     main = ""Pass Rates Over Years"")"
