{"chunk_definitions":[{"row":132,"row_count":1,"visible":true,"expansion_state":0,"options":{"engine":"r","label":"unnamed-chunk-24"},"document_id":"948741D8","chunk_id":"c43ep1g36rywu","chunk_label":"unnamed-chunk-8"},{"row":318,"row_count":1,"visible":true,"expansion_state":0,"options":{"engine":"r","label":"unnamed-chunk-28"},"document_id":"948741D8","chunk_id":"cuzql3hcqkmol","chunk_label":"unnamed-chunk-25"},{"row":353,"row_count":1,"visible":true,"expansion_state":0,"options":{"engine":"r","label":"unnamed-chunk-29"},"document_id":"948741D8","chunk_id":"cc2o8lf4mt3a3","chunk_label":"unnamed-chunk-29"}],"doc_write_time":1708956195}