"0","#Students who passed b1"
"0","passed_B1 <- student_data %>%"
"0","  filter(Catalog.Nbr == ""B1"" & Numeric_Grade >= 50)"
"0","# Combine the datasets"
"0","combined_data <- rbind(passed_A1, passed_A2, passed_B1)"
"0",""
"0","# Calculate the average mark obtained in 1st year courses for passing B1"
"0","average_mark <- mean(combined_data$Numeric_Grade)"
"0","cat(""The suggested minimum mark obtained from 1st year courses to pass B1:"", average_mark, ""\n"")"
"1","The suggested minimum mark obtained from 1st year courses to pass B1:"
"1"," "
"1","66.20246"
"1"," "
"1","
"
