"0","#QUESTION 6"
"0","# Initialize an empty vector to store average marks for each year"
"0","average_marks <- numeric()"
"0",""
"0","# Iterate through each year from 2015 to 2020"
"0","for (year in 2015:2022) {"
"0","  # Filter data for students who passed B1 in the current year"
"0","  passed_B1 <- student_data %>%"
"0","    filter(Catalog.Nbr == ""B1"" & Numeric_Grade >= 50 & Term == year)"
"0","  "
"0","  # Combine the datasets for the current year"
"0","  combined_data <- rbind(passed_A1, passed_A2, passed_B1)"
"0","  "
"0","  # Calculate the average mark obtained in 1st year courses for passing B1 in the current year"
"0","  average_mark <- mean(combined_data$Numeric_Grade)"
"0","  "
"0","  # Store the average mark for the current year in the vector"
"0","  average_marks <- c(average_marks, average_mark)"
"0","}"
"0",""
"0","# Calculate the overall average mark across all years"
"0","overall_average_mark <- mean(average_marks)"
"0","overall_average_mark"
"1","[1]"
"1"," 66.69857"
"1","
"
