"0","library(dplyr)"
"0","#Seperating non numeric values with numeric values of grade and put each in its"
"0","student_data <- undergraduate %>%"
"0","  mutate(Numeric_Grade = as.numeric(Grade),"
"0","         NonNumeric_Grade = ifelse(is.na(Numeric_Grade), Grade, NA)) %>%"
"0","  select(-Grade)"
"2","Warning: [38;5;254mThere was 1 warning in `mutate()`.[39m
[38;5;254m[36mℹ[38;5;254m In argument: `Numeric_Grade = as.numeric(Grade)`.[39m
Caused by warning:
[33m![39m NAs introduced by coercion"
