"0","#QUESTION 6"
"0","# Load required libraries"
"0","library(dplyr)"
"0",""
"0","# Filter data for 1st-year courses (A1 and A2) and B1 courses"
"0","first_year_courses <- student_data %>%"
"0","  filter(Catalog.Nbr %in% c(""A1"", ""A2""))"
"0",""
"0","second_year_b1 <- student_data %>%"
"0","  filter(Catalog.Nbr == ""B1"")"
"0",""
"0","# Calculate the pass rates for B1 across all years"
"0","pass_rate_b1 <- second_year_b1 %>%"
"0","  group_by(Term) %>%"
"0","  summarize(Pass_Rate_B1 = mean(Numeric_Grade >= 50, na.rm = TRUE))"
"0",""
"0","# Calculate the average pass rate for B1 across all years"
"0","avg_pass_rate_b1 <- mean(pass_rate_b1$Pass_Rate_B1, na.rm = TRUE)"
"0",""
"0","# Assuming that a passing mark in B1 is 50"
"0","# Calculate the minimum mark required in 1st-year courses for B1 to be passed"
"0","minimum_mark_1st_year <- 50 / avg_pass_rate_b1"
"0",""
"0","# Print the result"
"0","cat(""The suggested minimum mark from 1st-year courses to pass B1 should be around:"", round(minimum_mark_1st_year, 2))"
"1","The suggested minimum mark from 1st-year courses to pass B1 should be around:"
"1"," "
"1","73.52"
