"0","#QUESTION 9"
"0",""
"0","# Assuming 'student_data' contains the necessary information"
"0",""
"0","# Filter data for 1st year courses"
"0","first_year_data <- student_data %>% "
"0","  filter(Catalog.Nbr %in% c(""A1"", ""A2""))"
"0",""
"0","# Filter data for 2nd year courses"
"0","second_year_data <- student_data %>% "
"0","  filter(Catalog.Nbr %in% c(""B1"", ""B2""))"
"0",""
"0","# Merge the datasets based on student ID or any common identifier"
"0","merged_data <- inner_join(first_year_data, second_year_data, by = ""ID"")"
"2","Warning: Detected an unexpected many-to-many relationship between `x` and `y`."
"0","# Plot the correlation between the grades of 1st and 2nd year courses"
"0","plot(merged_data$Numeric_Grade.x, merged_data$Numeric_Grade.y,"
"0","     xlab = ""Grades of 1st Year Courses"","
"0","     ylab = ""Grades of 2nd Year Courses"","
"0","     main = ""Correlation between Grades of 1st and 2nd Year Courses"","
"0","     col = ""blue"", pch = 19)"
