"0","#Question 5"
"0","# Create a list to store the students who passed A1 or A2 for each year"
"0","passa1a2 <- list()"
"0",""
"0","# Loop through each year from 2015 to 2022"
"0","for (year in 2015:2022) {"
"0","  # Filter the data to select students who passed either A1 or A2"
"0","  pass_either <- student_data %>%"
"0","    filter((Catalog.Nbr %in% c(""A1"", ""A2"") & Numeric_Grade >= 50) |  # Check if grade is numeric and >= 50"
"0","           (Catalog.Nbr %in% c(""A1"", ""A2"") & NonNumeric_Grade %in% c(""UP"", ""PA""))) %>%  # Or grade is ""UP"" or ""PA"""
"0","    filter(Term == year)  # Filter data for the current year"
"0","  "
"0","  # Store the filtered data in the passa1a2 list"
"0","  passa1a2[[as.character(year)]] <- pass_either"
"0","}"
"0",""
"0","# Create a list to store the students who failed B1 for each year"
"0","failed_b1 <- list()"
"0",""
"0","# Loop through each year from 2015 to 2022"
"0","for (year in 2015:2022) {"
"0","  # Filter the data to select students who failed B1"
"0","  failed <- student_data %>%"
"0","    filter((Catalog.Nbr == ""B1"" & Numeric_Grade < 50) |  # Check if grade is numeric and < 50"
"0","           (Catalog.Nbr == ""B1"" & !NonNumeric_Grade %in% c(""UP"", ""PA""))) %>%  # Or grade is not ""UP"" or ""PA"""
"0","    filter(Term == year)  # Filter data for the current year"
"0","  "
"0","  # Store the filtered data in the failed_b1 list"
"0","  failed_b1[[as.character(year)]] <- failed"
"0","}"
"0",""
"0","# Create a data frame to store the results"
"0","results <- data.frame(Year = integer(), Students_Failed_B1_After_Passing_A1A2 = integer())"
"0",""
"0","# Loop through each year"
"0","for (year in 2015:2022) {"
"0","  # Inner join pass_either and failed_b1 for the current year"
"0","  joined_data <- inner_join(passa1a2[[as.character(year)]], failed_b1[[as.character(year)]], by = ""ID"")"
"0","  "
"0","  # Count the number of rows where a student failed B1 after passing A1 or A2"
"0","  num_students_failed <- nrow(joined_data)"
"0","  "
"0","  # Add the result to the results data frame"
"0","  results <- rbind(results, data.frame(Year = year, Students_Failed_B1_After_Passing_A1A2 =  num_students_failed))"
"0","}"
"0",""
"0","# Print the results"
"0","print(results)"
