"0",""
"0","# Split Grade column into numeric and character grades"
"0","full_data <- undergraduate %>%"
"0","  mutate(Grade_numeric = ifelse(grepl(""^\\d+$"", Grade), as.integer(Grade), NA),"
"0","         Grade_character = ifelse(!grepl(""^\\d+$"", Grade), Grade, NA))"
"2","Warning: [38;5;254mThere was 1 warning in `mutate()`.[39m
[38;5;254m[36mℹ[38;5;254m In argument: `Grade_numeric = ifelse(grepl(""^\\d+$"", Grade), as.integer(Grade), NA)`.[39m
Caused by warning in `ifelse()`:
[33m![39m NAs introduced by coercion"
"0","# empty dataframe to store results"
"0","results <- data.frame(Year = numeric(), Total = numeric(), Percentage = numeric())"
"0",""
"0","# Iterate over each year from 2015 to 2022"
"0","for (year in 2015:2022) {"
"0","  # Filter the data for the current year and courses"
"0","  pass_both_years <- full_data %>%"
"0","    filter(Term == year & (Catalog.Nbr == ""A1"" | Catalog.Nbr == ""A2"" | Catalog.Nbr == ""B1"" | Catalog.Nbr == ""B2"") &"
"0","           (Grade == ""UP"" | Grade == ""PA"" | (Grade != ""DPR"" & Grade != ""INC"" & Grade != ""AB"" & Grade_numeric >= 50)))"
"0",""
"0","  # Count the number of students passing both 1st and 2nd-year courses in the same year"
"0","  passed <- nrow(pass_both_years)"
"0","  "
"0","  # Calculate the total number of students for the current year"
"0","  total_students <- nrow(full_data %>% filter(Term == year))"
"0",""
"0","  # Calculate the percentage of students passing both courses"
"0","  percentage_passed <- (passed / total_students) * 100"
"0","  "
"0","  # Append results to the dataframe"
"0","  results <- rbind(results, data.frame(Year = year, Total = passed, Percentage = percentage_passed))"
"0","}"
"0",""
"0","# Print the results"
"0","print(results)"
