"0","# Empty list to store the results for each year"
"0","failed_B1_after_A1_A2_count <- list()"
"0",""
"0","# Loop through each year from 2015 to 2022"
"0","for (year in 2015:2022) {"
"0","  # Filter the dataset for students who passed A1 or A2 but failed B1"
"0","  failed_B1_after_A1_A2 <- full_data %>%"
"0","    filter(Catalog.Nbr %in% c(""A1"", ""A2"") & (Grade_numeric >= 50 | Grade_character %in% c(""PA"", ""UP"")) & Term == year) %>%"
"0","    semi_join(full_data %>%"
"0","                filter(Catalog.Nbr == ""B1"" & (Grade_numeric < 50 | !(Grade_character %in% c(""PA"", ""UP"")))), "
"0","              by = ""ID"")"
"0","  "
"0","  # Count the number of students who failed B1 after passing A1 or A2 for the current year"
"0","  num_students_failed_B1_after_A1_A2 <- nrow(failed_B1_after_A1_A2)"
"0","  "
"0","  # Store the count in the list"
"0","  failed_B1_after_A1_A2_count[[as.character(year)]] <- num_students_failed_B1_after_A1_A2"
"0","}"
"0",""
"0","# Combine the counts for all years"
"0","total_failed_B1_after_A1_A2 <- sum(unlist(failed_B1_after_A1_A2_count))"
"0",""
"0","# Print the total count"
"0","print(total_failed_B1_after_A1_A2)"
"1","[1]"
"1"," 1145"
"1","
"
