{"chunk_definitions":[{"row":98,"row_count":1,"visible":true,"expansion_state":0,"options":{"engine":"r","label":"unnamed-chunk-42"},"document_id":"0F87A752","chunk_id":"cd1wxs27zsy6y","chunk_label":"unnamed-chunk-1"},{"row":139,"row_count":1,"visible":true,"expansion_state":0,"options":{"engine":"r","label":"unnamed-chunk-44"},"document_id":"7BD8A073","chunk_id":"cq4wl84dup3ms","chunk_label":"unnamed-chunk-3"},{"row":154,"row_count":1,"visible":true,"expansion_state":0,"options":{"engine":"r","label":"unnamed-chunk-45"},"document_id":"0F87A752","chunk_id":"cllidm56xt8ci","chunk_label":"unnamed-chunk-4"},{"row":162,"row_count":1,"visible":true,"expansion_state":0,"options":{"engine":"r","label":"unnamed-chunk-46"},"document_id":"0F87A752","chunk_id":"ci0rq1zufqaut","chunk_label":"unnamed-chunk-5"},{"row":216,"row_count":1,"visible":true,"expansion_state":0,"options":{"engine":"r","label":"unnamed-chunk-47"},"document_id":"0F87A752","chunk_id":"cgv2mmah705om","chunk_label":"unnamed-chunk-6"},{"row":263,"row_count":1,"visible":true,"expansion_state":0,"options":{"engine":"r","label":"unnamed-chunk-30"},"document_id":"0F87A752","chunk_id":"cbvmvfrzrvg5e","chunk_label":"unnamed-chunk-7"},{"row":283,"row_count":1,"visible":true,"expansion_state":0,"options":{"engine":"r","label":"unnamed-chunk-28"},"document_id":"0F87A752","chunk_id":"chufsvhzq0bnb","chunk_label":"unnamed-chunk-8"},{"row":343,"row_count":1,"visible":true,"expansion_state":0,"options":{"engine":"r","label":"unnamed-chunk-68"},"document_id":"0F87A752","chunk_id":"cm3scx6peetwn","chunk_label":"unnamed-chunk-9"},{"row":374,"row_count":1,"visible":true,"expansion_state":0,"options":{"engine":"r","label":"unnamed-chunk-7"},"document_id":"0F87A752","chunk_id":"c2hngih0ohe6r","chunk_label":"unnamed-chunk-10"},{"row":388,"row_count":1,"visible":true,"expansion_state":0,"options":{"engine":"r","label":"unnamed-chunk-9"},"document_id":"0F87A752","chunk_id":"chnzeu37vkoei","chunk_label":"unnamed-chunk-11"},{"row":419,"row_count":1,"visible":true,"expansion_state":0,"options":{"engine":"r","label":"unnamed-chunk-11"},"document_id":"0F87A752","chunk_id":"ctqe46u47x4df","chunk_label":"unnamed-chunk-12"},{"row":463,"row_count":1,"visible":true,"expansion_state":0,"options":{"engine":"r","label":"unnamed-chunk-74"},"document_id":"0F87A752","chunk_id":"c2zekic1iyb7v","chunk_label":"unnamed-chunk-13"},{"row":510,"row_count":1,"visible":true,"expansion_state":0,"options":{"engine":"r","label":"unnamed-chunk-16"},"document_id":"0F87A752","chunk_id":"c3ifjxc9minpj","chunk_label":"unnamed-chunk-15"},{"row":530,"row_count":1,"visible":true,"expansion_state":0,"options":{"engine":"r","label":"unnamed-chunk-34"},"document_id":"0F87A752","chunk_id":"ctv7pf3pc5td7","chunk_label":"unnamed-chunk-16"},{"row":559,"row_count":1,"visible":true,"expansion_state":0,"options":{"engine":"r","label":"unnamed-chunk-38"},"document_id":"0F87A752","chunk_id":"ctcnw8aopnowz","chunk_label":"unnamed-chunk-17"},{"row":579,"row_count":1,"visible":true,"expansion_state":0,"options":{"engine":"r","label":"unnamed-chunk-23"},"document_id":"0F87A752","chunk_id":"cdpmibtrp97fw","chunk_label":"unnamed-chunk-18"}],"doc_write_time":1709102872,"chunk_rendered_width":700}