{"chunk_definitions":[{"row":97,"row_count":1,"visible":true,"expansion_state":0,"options":{"engine":"r","label":"unnamed-chunk-31"},"document_id":"7BD8A073","chunk_id":"c6jazxvtpca90","chunk_label":"unnamed-chunk-1"},{"row":138,"row_count":1,"visible":true,"expansion_state":0,"options":{"engine":"r","label":"unnamed-chunk-41"},"document_id":"7BD8A073","chunk_id":"cq4wl84dup3ms","chunk_label":"unnamed-chunk-3"},{"row":221,"row_count":1,"visible":true,"expansion_state":0,"options":{"engine":"r","label":"unnamed-chunk-62"},"document_id":"7BD8A073","chunk_id":"cy51u7tmhtdep","chunk_label":"unnamed-chunk-7"},{"row":277,"row_count":1,"visible":true,"expansion_state":0,"options":{"engine":"r","label":"unnamed-chunk-63"},"document_id":"7BD8A073","chunk_id":"c9paj2a6gqvi5","chunk_label":"unnamed-chunk-8"},{"row":298,"row_count":1,"visible":true,"expansion_state":0,"options":{"engine":"r","label":"unnamed-chunk-70"},"document_id":"7BD8A073","chunk_id":"c2mgw1ainc7wc","chunk_label":"unnamed-chunk-9"},{"row":356,"row_count":1,"visible":true,"expansion_state":0,"options":{"engine":"r","label":"unnamed-chunk-76"},"document_id":"7BD8A073","chunk_id":"c6gw0huac6rp7","chunk_label":"unnamed-chunk-11"}],"doc_write_time":1708618789}