"0","#QUESTION 4 SECOND PART"
"0","# Initialize lists to store pass rates for A1 and A2"
"0","pass_rate_A1 <- list()"
"0","pass_rate_A2 <- list()"
"0",""
"0","# Loop through each year from 2016 to 2022"
"0","for (year in 2015:2022) {"
"0","  # Filtering data for students who passed A1 and A2 courses in the current year"
"0","  passed_A1 <- student_data %>%"
"0","    filter((Catalog.Nbr == ""A1"" & Numeric_Grade >= 50 & Term == year) |"
"0","             (Catalog.Nbr == ""A1"" & NonNumeric_Grade %in% c(""PA"", ""UP"") & Term == year))"
"0","  "
"0","  passed_A2 <- student_data %>%"
"0","    filter((Catalog.Nbr == ""A2"" & Numeric_Grade >= 50 & Term == year) |"
"0","             (Catalog.Nbr == ""A2"" & NonNumeric_Grade %in% c(""PA"", ""UP"") & Term == year))"
"0","  "
"0","  # Counting the number of students who passed A1 and A2 respectively"
"0","  num_pass_A1 <- nrow(passed_A1)"
"0","  num_pass_A2 <- nrow(passed_A2)"
"0","  "
"0","  # Filtering data for all students who took the exam for A1 and A2 respectively"
"0","  all_exam_A1 <- student_data %>%"
"0","    filter(Catalog.Nbr == ""A1"" & Term == year)"
"0","  "
"0","  all_exam_A2 <- student_data %>%"
"0","    filter(Catalog.Nbr == ""A2"" & Term == year)"
"0","  "
"0","  # Counting the number of students who took the exam for A1 and A2 respectively"
"0","  num_exam_A1 <- nrow(all_exam_A1)"
"0","  num_exam_A2 <- nrow(all_exam_A2)"
"0","  "
"0","  # Finding the pass rates for A1 and A2 respectively"
"0","  pass_rate_A1[[as.character(year)]] <- (num_pass_A1 / num_exam_A1) * 100"
"0","  pass_rate_A2[[as.character(year)]] <- (num_pass_A2 / num_exam_A2) * 100"
"0","}"
"0",""
"0","# Calculate the average pass rates for A1 and A2"
"0","average_pass_rate_A1 <- mean(unlist(pass_rate_A1))"
"0","average_pass_rate_A2 <- mean(unlist(pass_rate_A2))"
"0",""
"0","# Print the average pass rates"
"0","cat(""Average pass rate for A1 courses:"", average_pass_rate_A1, ""\n"")"
"1","Average pass rate for A1 courses:"
"1"," "
"1","68.07988"
"1"," "
"1","
"
"0","cat(""Average pass rate for A2 courses:"", average_pass_rate_A2, ""\n"")"
"1","Average pass rate for A2 courses:"
"1"," "
"1","75.34508"
"1"," "
"1","
"
