{"chunk_definitions":[{"row":138,"row_count":1,"visible":true,"expansion_state":0,"options":{"engine":"r","label":"unnamed-chunk-44"},"document_id":"7BD8A073","chunk_id":"cq4wl84dup3ms","chunk_label":"unnamed-chunk-3"},{"row":186,"row_count":1,"visible":true,"expansion_state":0,"options":{"engine":"r","label":"unnamed-chunk-17"},"document_id":"0F87A752","chunk_id":"cvogu9rht0q4x","chunk_label":"unnamed-chunk-4"},{"row":233,"row_count":1,"visible":true,"expansion_state":0,"options":{"engine":"r","label":"unnamed-chunk-18"},"document_id":"0F87A752","chunk_id":"c7wprr8xzahol","chunk_label":"unnamed-chunk-5"},{"row":302,"row_count":1,"visible":true,"expansion_state":0,"options":{"engine":"r","label":"unnamed-chunk-65"},"document_id":"0F87A752","chunk_id":"c2aprutx7iccx","chunk_label":"unnamed-chunk-9"},{"row":347,"row_count":1,"visible":true,"expansion_state":0,"options":{"engine":"r","label":"unnamed-chunk-64"},"document_id":"0F87A752","chunk_id":"clyawcbc002nk","chunk_label":"unnamed-chunk-10"},{"row":410,"row_count":1,"visible":true,"expansion_state":0,"options":{"engine":"r","label":"unnamed-chunk-48"},"document_id":"0F87A752","chunk_id":"cb3cg6ivchdq6","chunk_label":"unnamed-chunk-12"},{"row":448,"row_count":1,"visible":true,"expansion_state":0,"options":{"engine":"r","label":"unnamed-chunk-46"},"document_id":"0F87A752","chunk_id":"cal4ip8zqqsak","chunk_label":"unnamed-chunk-13"},{"row":465,"row_count":1,"visible":true,"expansion_state":0,"options":{"engine":"r","label":"unnamed-chunk-45"},"document_id":"0F87A752","chunk_id":"czhyy5ko6q72s","chunk_label":"unnamed-chunk-14"}],"doc_write_time":1708865925}