{"chunk_definitions":[{"row":138,"row_count":1,"visible":true,"expansion_state":0,"options":{},"document_id":"0F87A752","chunk_id":"cdty78tz2rt2g","chunk_label":"unnamed-chunk-3"},{"row":153,"row_count":1,"visible":true,"expansion_state":0,"options":{"engine":"r","label":"unnamed-chunk-28"},"document_id":"0F87A752","chunk_id":"c06ilxie2get1","chunk_label":"unnamed-chunk-4"},{"row":160,"row_count":1,"visible":true,"expansion_state":0,"options":{"engine":"r","label":"unnamed-chunk-30"},"document_id":"0F87A752","chunk_id":"cxjfnsip976lm","chunk_label":"unnamed-chunk-5"},{"row":206,"row_count":1,"visible":true,"expansion_state":0,"options":{"engine":"r","label":"unnamed-chunk-17"},"document_id":"0F87A752","chunk_id":"cvogu9rht0q4x","chunk_label":"unnamed-chunk-6"},{"row":253,"row_count":1,"visible":true,"expansion_state":0,"options":{"engine":"r","label":"unnamed-chunk-18"},"document_id":"0F87A752","chunk_id":"c7wprr8xzahol","chunk_label":"unnamed-chunk-7"},{"row":346,"row_count":1,"visible":true,"expansion_state":0,"options":{"engine":"r","label":"unnamed-chunk-13"},"document_id":"0F87A752","chunk_id":"cq4s6ebz6b82c","chunk_label":"unnamed-chunk-11"},{"row":360,"row_count":1,"visible":true,"expansion_state":0,"options":{"engine":"r","label":"unnamed-chunk-9"},"document_id":"0F87A752","chunk_id":"clyawcbc002nk","chunk_label":"unnamed-chunk-12"},{"row":423,"row_count":1,"visible":true,"expansion_state":0,"options":{"engine":"r","label":"unnamed-chunk-48"},"document_id":"0F87A752","chunk_id":"cb3cg6ivchdq6","chunk_label":"unnamed-chunk-14"},{"row":461,"row_count":1,"visible":true,"expansion_state":0,"options":{"engine":"r","label":"unnamed-chunk-46"},"document_id":"0F87A752","chunk_id":"cal4ip8zqqsak","chunk_label":"unnamed-chunk-15"},{"row":478,"row_count":1,"visible":true,"expansion_state":0,"options":{"engine":"r","label":"unnamed-chunk-45"},"document_id":"0F87A752","chunk_id":"czhyy5ko6q72s","chunk_label":"unnamed-chunk-16"}],"doc_write_time":1708865935}