"0","#QUESTION 4"
"0","# Empty data frame to store results"
"0","results <- data.frame(Year = numeric(), Pass_Rate_1st_Year = numeric(), Pass_Rate_2nd_Year = numeric())"
"0",""
"0","# Loop through each year from 2015 to 2022"
"0","for (year in 2015:2022) {"
"0","  "
"0","  # Filtering the number of people who passed the first year courses for each year"
"0","  pass_1st <- full_data %>%"
"0","    filter(Catalog.Nbr %in% c(""A1"",""A2"") & (Grade_numeric >= 50 | Grade_character %in% c(""PA"",""UP"")) & Term == year)"
"0","  "
"0","  # Filtering the number of people who passed the second year courses for each year  "
"0","  pass_2nd <- full_data %>%"
"0","    filter(Catalog.Nbr %in% c(""B1"",""B2"") & (Grade_numeric >= 50 | Grade_character %in% c(""PA"",""UP"")) & Term == year)"
"0","  "
"0","  # Total number of people who took the first year courses"
"0","  total_students1st <- nrow(full_data %>%"
"0","                              filter(Catalog.Nbr %in% c(""A1"",""A2"")  & Term == year))"
"0","  "
"0","  # Total number of people who took the second year courses"
"0","  total_students2nd <- nrow(full_data %>%"
"0","                              filter(Catalog.Nbr %in% c(""B1"",""B2"")  & Term == year))"
"0","  "
"0","  # Computing the percentage pass for the first year and storing it"
"0","  pass_rate_1st_year <- (nrow(pass_1st) / total_students1st) * 100"
"0","  "
"0","  # Computing the percentage pass for the second year and storing it"
"0","  pass_rate_2nd_year <- (nrow(pass_2nd) / total_students2nd) * 100"
"0","  "
"0","  # Storing results in the data frame"
"0","  results <- rbind(results, data.frame(Year = year, Pass_Rate_1st_Year = pass_rate_1st_year, Pass_Rate_2nd_Year = pass_rate_2nd_year))"
"0","}"
"0",""
"0","# Printing the results"
"0","print(results)"
