{"chunk_definitions":[{"row":97,"row_count":1,"visible":true,"expansion_state":0,"options":{"engine":"r","label":"unnamed-chunk-31"},"document_id":"7BD8A073","chunk_id":"c6jazxvtpca90","chunk_label":"unnamed-chunk-1"},{"row":105,"row_count":1,"visible":true,"expansion_state":0,"options":{"engine":"r","label":"unnamed-chunk-56"},"document_id":"7BD8A073","chunk_id":"cm6v3k6lmsatv","chunk_label":"unnamed-chunk-2"},{"row":141,"row_count":1,"visible":true,"expansion_state":0,"options":{"engine":"r","label":"unnamed-chunk-57"},"document_id":"7BD8A073","chunk_id":"ct7wnwgky4eju","chunk_label":"unnamed-chunk-3"}],"doc_write_time":1708422941}