{"chunk_definitions":[{"row":97,"row_count":1,"visible":true,"expansion_state":0,"options":{"engine":"r","label":"unnamed-chunk-31"},"document_id":"7BD8A073","chunk_id":"c6jazxvtpca90","chunk_label":"unnamed-chunk-1"},{"row":105,"row_count":1,"visible":true,"expansion_state":0,"options":{"engine":"r","label":"unnamed-chunk-2"},"document_id":"7BD8A073","chunk_id":"cm6v3k6lmsatv","chunk_label":"unnamed-chunk-2"},{"row":141,"row_count":1,"visible":true,"expansion_state":0,"options":{"engine":"r","label":"unnamed-chunk-3"},"document_id":"7BD8A073","chunk_id":"c10e728d76u2k","chunk_label":"unnamed-chunk-3"},{"row":189,"row_count":1,"visible":true,"expansion_state":0,"options":{"engine":"r","label":"unnamed-chunk-6"},"document_id":"7BD8A073","chunk_id":"cvif50gsxev9f","chunk_label":"unnamed-chunk-6"},{"row":218,"row_count":1,"visible":true,"expansion_state":0,"options":{"engine":"r","label":"unnamed-chunk-12"},"document_id":"7BD8A073","chunk_id":"ckr1fvfn26dl7","chunk_label":"unnamed-chunk-7"},{"row":241,"row_count":1,"visible":true,"expansion_state":0,"options":{"engine":"r","label":"unnamed-chunk-15"},"document_id":"7BD8A073","chunk_id":"cxid134bi24mq","chunk_label":"unnamed-chunk-8"}],"doc_write_time":1708511641}