"0","#QUESTION 13"
"0","# Calculate pass rates for courses A1, A2, B1, and B2 for each term"
"0","pass_rates <- student_data %>%"
"0","  filter(Catalog.Nbr %in% c(""A1"", ""A2"", ""B1"", ""B2"")) %>%"
"0","  group_by(Term, Catalog.Nbr) %>%"
"0","  summarize(Pass_Rate = mean(ifelse((Numeric_Grade >= 50 & !is.na(Numeric_Grade)) | NonNumeric_Grade %in% c(""UP"", ""PA""), 1, 0)))"
"2","`summarise()` has grouped output by 'Term'. You can override using the `.groups` argument."
"0","# Plot the comparison of pass rates across different terms"
"0","ggplot(pass_rates, aes(x = Term, y = Pass_Rate, fill = Catalog.Nbr)) +"
"0","  geom_bar(stat = ""identity"", position = ""dodge"") +"
"0","  labs(title = ""Comparison of Pass Rates for Courses A1, A2, B1, and B2 Across Different Terms"","
"0","       x = ""Term"","
"0","       y = ""Pass Rate"","
"0","       fill = ""Course"") +"
"0","  theme_minimal()"
