"0","#QUESTION 10"
"0","# Filter the data to select students who passed either A1 or A2 in their 1st year"
"0","passed_A1_A2 <- student_data %>%"
"0","  filter((Catalog.Nbr %in% c(""A1"", ""A2"") & Numeric_Grade >= 50) |  # Check if grade is numeric and >= 50"
"0","         (Catalog.Nbr %in% c(""A1"", ""A2"") & NonNumeric_Grade %in% c(""UP"", ""PA"")))  # Or grade is ""UP"" or ""PA"""
"0",""
"0","# Filter the data to select students who passed B1"
"0","passed_B1 <- student_data %>%"
"0","  filter((Catalog.Nbr == ""B1"" & Numeric_Grade >= 50) |  # Check if grade is numeric and >= 50"
"0","         (Catalog.Nbr == ""B1"" & NonNumeric_Grade %in% c(""UP"", ""PA"")))  # Or grade is ""UP"" or ""PA"""
"0",""
"0","# Check if there are any students who passed either A1 or A2 and B1"
"0","if (nrow(passed_A1_A2) == 0 | nrow(passed_B1) == 0) {"
"0","  print(""Insufficient data to compute."")"
"0","} else {"
"0","  # Calculate the minimum mark obtained in 1st-year courses (A1 or A2) required to pass B1"
"0","  min_mark_for_B1 <- min(passed_A1_A2$Numeric_Grade, na.rm = TRUE)"
"0","  "
"0","  # Print the minimum mark obtained"
"0","  print(paste(""Minimum mark obtained in 1st-year courses (A1 or A2) required to pass B1:"", min_mark_for_B1))"
"0","}"
"1","[1]"
"1"," ""Minimum mark obtained in 1st-year courses (A1 or A2) required to pass B1: 50"""
"1","
"
