"0","#QUESTION 12 "
"0",""
"0","#What is the trend in the overall pass rate for courses A1, A2, B1, and B2 over the years?"
"0",""
"0","# Calculate pass rates for courses A1, A2, B1, and B2 for each year"
"0","pass_rates <- student_data %>%"
"0","  group_by(Term, Catalog.Nbr) %>%"
"0","  summarize(Pass_Rate = sum(ifelse((Numeric_Grade >= 50 & !is.na(Numeric_Grade)) | NonNumeric_Grade %in% c(""UP"", ""PA""), 1, 0)) / n())"
"2","`summarise()` has grouped output by 'Term'. You can override using the `.groups` argument."
"0","# Pivot the data to have Catalog.Nbr as columns"
"0","pass_rates_pivot <- pivot_wider(pass_rates, names_from = Catalog.Nbr, values_from = Pass_Rate)"
"0",""
"0","# Plot the trend in pass rates over the years"
"0","ggplot(pass_rates_pivot, aes(x = Term)) +"
"0","  geom_line(aes(y = A1, color = ""A1"")) +"
"0","  geom_line(aes(y = A2, color = ""A2"")) +"
"0","  geom_line(aes(y = B1, color = ""B1"")) +"
"0","  geom_line(aes(y = B2, color = ""B2"")) +"
"0","  scale_color_manual(values = c(""A1"" = ""blue"", ""A2"" = ""green"", ""B1"" = ""red"", ""B2"" = ""orange"")) +"
"0","  labs(title = ""Trend in Pass Rates for Courses A1, A2, B1, and B2"","
"0","       x = ""Year"","
"0","       y = ""Pass Rate"") +"
"0","  scale_x_continuous(breaks = unique(pass_rates$Term)) +  # Set x-axis breaks to display all unique years"
"0","  theme_minimal()"
