"0","# Filter the dataset for 1st and 2nd-year courses"
"0","first_year_courses <- full_data %>%"
"0","  filter(Catalog.Nbr %in% c(""A1"", ""A2"")) %>%"
"0","  select(ID, Grade_numeric) %>%"
"0","  rename(Grade_numeric_1st_year = Grade_numeric)"
"0",""
"0","second_year_courses <- full_data %>%"
"0","  filter(Catalog.Nbr %in% c(""B1"", ""B2"")) %>%"
"0","  select(ID, Grade_numeric) %>%"
"0","  rename(Grade_numeric_2nd_year = Grade_numeric)"
"0",""
"0","# Merge the datasets based on student ID"
"0","merged_grades <- merge(first_year_courses, second_year_courses, by = ""ID"", all = TRUE)"
"0",""
"0","# Calculate the correlation between grades of 1st and 2nd-year courses"
"0","correlation <- cor(merged_grades$Grade_numeric_1st_year, merged_grades$Grade_numeric_2nd_year, use = ""complete.obs"")"
"0",""
"0","# Print the correlation coefficient"
"0","print(correlation)"
"1","[1]"
"1"," 0.5327698"
"1","
"
