"0","#sum of all the students in all the years who failed (combined)"
"0","sum_st<- sum(results$Students_Failed_B1_After_Passing_A1A2)"
"0","cat(""Students who failed all years combined: "")"
"1","Students who failed all years combined: "
"0","sum_st"
"1","[1]"
"1"," 269"
"1","
"
"0","# Plot the number of students who failed B1 after passing A1 or A2 for each year"
"0","plot(results$Year, results$Students_Failed_B1_After_Passing_A1A2, "
"0","     type = ""o"", "
"0","     xlab = ""Year"", "
"0","     ylab = ""Number of Students"", "
"0","     main = ""Students Who Failed B1 After Passing A1/A2 (2015-2022)"","
"0","     col = ""blue"")"
"0",""
