"0","#QUESTION 5"
"0","# Initialize an empty list to store students who passed A1 or A2"
"0","pass_a1_a2 <- list()"
"0",""
"0","# Loop through each year from 2015 to 2022"
"0","for (year in 2015:2022) {"
"0","  # Filter the data to select students who passed either A1 or A2"
"0","  a1_a2_students <- student_data %>%"
"0","    filter((Catalog.Nbr == ""A2"" & Numeric_Grade >= 50) | "
"0","           (Catalog.Nbr == ""A2"" & NonNumeric_Grade %in% c(""UP"", ""PA""))) %>%  "
"0","  filter(Term == year)  "
"0","  "
"0","  # Store the filtered data in the pass_a1_a2 list"
"0","  pass_a1_a2[[as.character(year)]] <- a1_a2_students "
"0","}"
"0",""
"0","# Initialize an empty list to store the students who failed B1 for each year"
"0","student_failed_B1 <- list()"
"0",""
"0","# Loop through each year from 2015 to 2022"
"0","for (year in 2015:2022) {"
"0","  # Filter the data to select students who failed B1"
"0","  failed_student <- student_data %>%"
"0","             filter((Catalog.Nbr == ""B1"" & Numeric_Grade < 50) |"
"0","             NonNumeric_Grade %in% c(""14A"", ""20A"", ""21A"", ""22A"", ""23A"", "
"0","                                     ""24A"", ""28A"", ""30A"", ""32A"", ""33A"", ""34A"", "
"0","                                     ""35A"", ""36A"", ""37A"", ""39A"", ""40A"", ""41A"","
"0","                                     ""42A"", ""43A"", ""45A"", ""46A"", ""47A"", ""48A"", "
"0","                                     ""49A"", ""DE"", ""LOA"", ""DPR"", ""INC"", ""AB"", ""F""))"
"0"," "
"0","              student_failed_B1[[as.character(year)]] <- failed_student"
"0","}"
"0",""
"0",""
"0","results <- data.frame(Year = integer(), Students_Failed_B1_After_Passing_A1A2 = integer())"
"0","# Loop through each year"
"0","for (year in 2015:2022) {"
"0","  #joining students who passed a1 or a2 with student who failed b1"
"0","  joined_data <- inner_join(pass_a1_a2[[as.character(year)]],   student_failed_B1[[as.character(year)]], by = ""ID"")"
"0","  "
"0","  # Count the number of rows where a student failed B1 after passing A1 or A2"
"0","  num_students_failed <- nrow(joined_data)"
"0","  "
"0","     #Add the result to the results data frame"
"0"," results <- rbind(results, data.frame(Year = year, Students_Failed_B1_After_Passing_A1A2 =  num_students_failed))"
"0","}"
"0","print( results)"
