"0",""
"0",""
"0","# Filter students with a UP for A1 or A2"
"0","up_students <- student_data %>%"
"0","  filter((Catalog.Nbr %in% c(""A1"", ""A2"")) & NonNumeric_Grade == ""UP"")"
"0",""
"0","# Check if UP students eventually passed B1 or B2"
"0","up_students_passed_b1_b2 <- up_students %>%"
"0","  mutate(Passed_B1_B2 = ifelse(Acad.Prog == ""B1"" & NonNumeric_Grade %in% c(""UP"", ""PA""), 1,"
"0","                               ifelse(Acad.Prog == ""B2"" & NonNumeric_Grade %in% c(""UP"", ""PA""), 1, 0)))"
"0",""
"0","# Count the number of students who passed B1 or B2 after having a UP for A1 or A2"
"0","num_students_passed_b1_b2 <- sum(up_students_passed_b1_b2$Passed_B1_B2 == 1)"
"0",""
"0","# Total number of students with a UP for A1 or A2"
"0","total_up_students <- nrow(up_students)"
"0",""
"0","# Calculate the percentage of students who passed B1 or B2 after having a UP for A1 or A2"
"0","percentage_passed_b1_b2 <- (num_students_passed_b1_b2 / total_up_students) * 100"
"0",""
"0","# Print the results"
"0","cat(""Out of"", total_up_students, ""students with a UP for A1 or A2,"","
"0","    num_students_passed_b1_b2, ""students passed B1 or B2 without failing, which is"","
"0","    round(percentage_passed_b1_b2, 2), ""% of the total."")"
"1","Out of"
"1"," "
"1","106"
"1"," "
"1","students with a UP for A1 or A2,"
"1"," "
"1","0"
"1"," "
"1","students passed B1 or B2 without failing, which is"
"1"," "
"1","0"
"1"," "
"1","% of the total."
