{"chunk_definitions":[{"row":138,"row_count":1,"visible":true,"expansion_state":0,"options":{"engine":"r","label":"unnamed-chunk-3"},"document_id":"7BD8A073","chunk_id":"cq4wl84dup3ms","chunk_label":"unnamed-chunk-3"},{"row":153,"row_count":1,"visible":true,"expansion_state":0,"options":{"engine":"r","label":"unnamed-chunk-16"},"document_id":"0F87A752","chunk_id":"cllidm56xt8ci","chunk_label":"unnamed-chunk-4"},{"row":161,"row_count":1,"visible":true,"expansion_state":0,"options":{"engine":"r","label":"unnamed-chunk-17"},"document_id":"0F87A752","chunk_id":"ci0rq1zufqaut","chunk_label":"unnamed-chunk-5"},{"row":207,"row_count":1,"visible":true,"expansion_state":0,"options":{"engine":"r","label":"unnamed-chunk-15"},"document_id":"0F87A752","chunk_id":"cgv2mmah705om","chunk_label":"unnamed-chunk-6"},{"row":254,"row_count":1,"visible":true,"expansion_state":0,"options":{"engine":"r","label":"unnamed-chunk-14"},"document_id":"0F87A752","chunk_id":"cbvmvfrzrvg5e","chunk_label":"unnamed-chunk-7"},{"row":317,"row_count":1,"visible":true,"expansion_state":0,"options":{"engine":"r","label":"unnamed-chunk-13"},"document_id":"0F87A752","chunk_id":"csxbumbue7az6","chunk_label":"unnamed-chunk-10"},{"row":393,"row_count":1,"visible":true,"expansion_state":0,"options":{"engine":"r","label":"unnamed-chunk-11"},"document_id":"0F87A752","chunk_id":"ctqe46u47x4df","chunk_label":"unnamed-chunk-13"},{"row":424,"row_count":1,"visible":true,"expansion_state":0,"options":{"engine":"r","label":"unnamed-chunk-10"},"document_id":"0F87A752","chunk_id":"c2zekic1iyb7v","chunk_label":"unnamed-chunk-14"},{"row":460,"row_count":1,"visible":true,"expansion_state":0,"options":{"engine":"r","label":"unnamed-chunk-9"},"document_id":"0F87A752","chunk_id":"cruxh0c9la3vb","chunk_label":"unnamed-chunk-15"},{"row":477,"row_count":1,"visible":true,"expansion_state":0,"options":{"engine":"r","label":"unnamed-chunk-5"},"document_id":"0F87A752","chunk_id":"ckbh5ozqnsdmu","chunk_label":"unnamed-chunk-16"}],"doc_write_time":1708890133}