{"chunk_definitions":[{"row":139,"row_count":1,"visible":true,"expansion_state":0,"options":{"engine":"r","label":"unnamed-chunk-3"},"document_id":"7BD8A073","chunk_id":"cq4wl84dup3ms","chunk_label":"unnamed-chunk-3"},{"row":154,"row_count":1,"visible":true,"expansion_state":0,"options":{"engine":"r","label":"unnamed-chunk-16"},"document_id":"0F87A752","chunk_id":"cllidm56xt8ci","chunk_label":"unnamed-chunk-4"},{"row":162,"row_count":1,"visible":true,"expansion_state":0,"options":{"engine":"r","label":"unnamed-chunk-17"},"document_id":"0F87A752","chunk_id":"ci0rq1zufqaut","chunk_label":"unnamed-chunk-5"},{"row":216,"row_count":1,"visible":true,"expansion_state":0,"options":{"engine":"r","label":"unnamed-chunk-33"},"document_id":"0F87A752","chunk_id":"cgv2mmah705om","chunk_label":"unnamed-chunk-6"},{"row":263,"row_count":1,"visible":true,"expansion_state":0,"options":{"engine":"r","label":"unnamed-chunk-14"},"document_id":"0F87A752","chunk_id":"cbvmvfrzrvg5e","chunk_label":"unnamed-chunk-7"},{"row":314,"row_count":1,"visible":true,"expansion_state":0,"options":{"engine":"r","label":"unnamed-chunk-37"},"document_id":"0F87A752","chunk_id":"cww4fnyyp1bc3","chunk_label":"unnamed-chunk-8"},{"row":390,"row_count":1,"visible":true,"expansion_state":0,"options":{"engine":"r","label":"unnamed-chunk-11"},"document_id":"0F87A752","chunk_id":"ctqe46u47x4df","chunk_label":"unnamed-chunk-11"},{"row":421,"row_count":1,"visible":true,"expansion_state":0,"options":{"engine":"r","label":"unnamed-chunk-10"},"document_id":"0F87A752","chunk_id":"c2zekic1iyb7v","chunk_label":"unnamed-chunk-12"},{"row":457,"row_count":1,"visible":true,"expansion_state":0,"options":{"engine":"r","label":"unnamed-chunk-1"},"document_id":"0F87A752","chunk_id":"cdjwi6fucku9j","chunk_label":"unnamed-chunk-13"},{"row":474,"row_count":1,"visible":true,"expansion_state":0,"options":{"engine":"r","label":"unnamed-chunk-34"},"document_id":"0F87A752","chunk_id":"ctv7pf3pc5td7","chunk_label":"unnamed-chunk-14"},{"row":503,"row_count":1,"visible":true,"expansion_state":0,"options":{"engine":"r","label":"unnamed-chunk-38"},"document_id":"0F87A752","chunk_id":"ctcnw8aopnowz","chunk_label":"unnamed-chunk-15"},{"row":523,"row_count":1,"visible":true,"expansion_state":0,"options":{"engine":"r","label":"unnamed-chunk-23"},"document_id":"0F87A752","chunk_id":"cdpmibtrp97fw","chunk_label":"unnamed-chunk-16"}],"doc_write_time":1708975301}