"0","# Empty data frame to store results for A1 and A2 separately"
"0","results_A1 <- data.frame(Year = numeric(), Pass_Rate_A1 = numeric())"
"0","results_A2 <- data.frame(Year = numeric(), Pass_Rate_A2 = numeric())"
"0",""
"0","# Loop through each year from 2015 to 2022"
"0","for (year in 2015:2022) {"
"0","  "
"0","  # Filtering the number of people who passed the A1 course for each year"
"0","  pass_A1 <- student_data %>%"
"0","    filter(Catalog.Nbr == ""A1"" & (Numeric_Grade >= 50 | NonNumeric_Grade %in% c(""PA"",""UP"")) & Term == year)"
"0","  "
"0","  # Filtering the number of people who passed the A2 course for each year  "
"0","  pass_A2 <- student_data %>%"
"0","    filter(Catalog.Nbr == ""A2"" & (Numeric_Grade >= 50 | NonNumeric_Grade %in% c(""PA"",""UP"")) & Term == year)"
"0","  "
"0","  # Total number of people who took the A1 course"
"0","  total_students_A1 <- nrow(student_data %>%"
"0","                              filter(Catalog.Nbr == ""A1"" & Term == year))"
"0","  "
"0","  # Total number of people who took the A2 course"
"0","  total_students_A2 <- nrow(student_data %>%"
"0","                              filter(Catalog.Nbr == ""A2"" & Term == year))"
"0","  "
"0","  # Computing the percentage pass for A1 and storing it"
"0","  pass_rate_A1 <- (nrow(pass_A1) / total_students_A1) * 100"
"0","  "
"0","  # Computing the percentage pass for A2 and storing it"
"0","  pass_rate_A2 <- (nrow(pass_A2) / total_students_A2) * 100"
"0","  "
"0","  # Storing results in the data frames"
"0","  results_A1 <- rbind(results_A1, data.frame(Year = year, Pass_Rate_A1 = pass_rate_A1))"
"0","  results_A2 <- rbind(results_A2, data.frame(Year = year, Pass_Rate_A2 = pass_rate_A2))"
"0","}"
"2","Error: object 'student_data' not found
"
